{"stat.useItem.rustic.elixir":1,"stat.walkOneCm":43731,"stat.leaveGame":3,"stat.damageTaken":790,"stat.pickup.minecraft.rabbit_foot":1,"stat.flyOneCm":244279,"stat.pickup.minecraft.wheat_seeds":1,"stat.jump":704,"stat.swimOneCm":2231,"stat.playOneMinute":60597,"stat.fallOneCm":14780,"stat.useItem.rustic.fluid_bottle":1,"stat.useItem.familiarfauna.turkey_leg_cooked":17,"stat.useItem.minecraft.milk_bucket":2,"stat.sneakTime":342,"stat.pickup.minecraft.rabbit":1,"stat.crouchOneCm":395,"stat.timeSinceDeath":60597,"stat.sprintOneCm":44678,"stat.useItem.minecraft.stone_slab2":15,"stat.diveOneCm":611,"stat.useItem.animania.entity_egg_piglet_oldspot":1}