{"stat.useItem.rustic.elixir":1,"stat.walkOneCm":46211,"stat.leaveGame":3,"stat.pickup.minecraft.rabbit_foot":1,"stat.jump":778,"stat.swimOneCm":2231,"stat.fallOneCm":16574,"stat.useItem.minecraft.milk_bucket":2,"stat.crouchOneCm":571,"stat.sprintOneCm":51830,"stat.useItem.minecraft.stone_slab2":15,"stat.damageTaken":820,"stat.flyOneCm":265700,"stat.pickup.minecraft.wheat_seeds":1,"stat.playOneMinute":67742,"stat.useItem.rustic.fluid_bottle":1,"stat.useItem.familiarfauna.turkey_leg_cooked":18,"stat.sneakTime":386,"stat.pickup.minecraft.rabbit":1,"stat.damageDealt":20,"stat.timeSinceDeath":67742,"stat.diveOneCm":611,"stat.useItem.animania.entity_egg_piglet_oldspot":1}