{"stat.chestOpened":7,"stat.walkOneCm":31047,"stat.leaveGame":4,"stat.mineBlock.betterunderground.blockstonestalactite":1,"stat.jump":126,"stat.swimOneCm":866,"stat.pickup.rustic.ginseng":2,"stat.fallOneCm":2997,"stat.climbOneCm":64,"stat.crouchOneCm":248,"stat.sprintOneCm":13541,"stat.useItem.minecraft.stone_slab2":33,"stat.pickup.rustic.tomato_seeds":1,"stat.damageTaken":140,"stat.flyOneCm":313577,"stat.pickup.minecraft.wheat_seeds":10,"stat.playOneMinute":20065,"stat.sneakTime":207,"stat.pickup.rustic.chili_pepper_seeds":1,"stat.damageDealt":39,"stat.timeSinceDeath":20065,"stat.diveOneCm":645,"stat.pickup.minecraft.wheat":10}